id,title,body,author,slug
0,1 Year Fixed Home Loan,1-year-fixed-home-loans.html,Darin Hindmarsh,1-year-fixed-home-loans
1,10 Year Fixed Rate Home Loan,10-year-fixed-rate-home-loan.html,Darin Hindmarsh,10-year-fixed-rate-home-loan
2,15 Year Fixed Rate Home Loan,15-year-fixed-rate-home-loan.html,Darin Hindmarsh,15-year-fixed-rate-home-loan
3,3 Year Fixed Rate Home Loan,3-year-fixed-rate-home-loan.html,Darin Hindmarsh,3-year-fixed-rate-home-loan
4,5 Year Fixed Rate Home Loan,5-year-fixed-rate-home-loan.html,Darin Hindmarsh,5-year-fixed-rate-home-loan
5,90% Home Loan,90-home-loan.html,Darin Hindmarsh,90-home-loan
6,95% Home Loan,95-home-loan.html,Darin Hindmarsh,95-home-loan
7,About Us,about.html,Darin Hindmarsh,about
8,Articles Bad Credit Car Loans,articles-bad-credit-car-loans.html,Darin Hindmarsh,articles-bad-credit-car-loans
9,Asset Finance,asset-finance.html,Darin Hindmarsh,asset-finance
10,Asset Finance Articles and Videos,asset-finance-articles-videos.html,Darin Hindmarsh,asset-finance-articles-videos
11,Asset Finance Videos,asset-finance-videos.html,Darin Hindmarsh,asset-finance-videos
12,Bad Credit Car Finance Process,bad-credit-car-finance-process.html,Darin Hindmarsh,bad-credit-car-finance-process
13,Bad Credit Car Loan Videos,bad-credit-car-loan-videos.html,Darin Hindmarsh,bad-credit-car-loan-videos
14,Bad Credit Car Loans,bad-credit-car-loans.html,Darin Hindmarsh,bad-credit-car-loans
15,Bad Credit Equipment Finance,bad-credit-equipment-finance.html,Darin Hindmarsh,bad-credit-equipment-finance
16,Bad Credit Home Loan Articles,bad-credit-home-loan-articles.html,Darin Hindmarsh,bad-credit-home-loan-articles
17,Bad Credit Home Loans,bad-credit-home-loans.html,Darin Hindmarsh,bad-credit-home-loans
18,Bad Credit Home Loans,bad-credit-home-loans-2.html,Darin Hindmarsh,bad-credit-home-loans-2
19,Bad Credit Home Loans,bad-credit-home-loans-3.html,Darin Hindmarsh,bad-credit-home-loans-3
20,Bad Credit Home Loans Australia,bad-credit-home-loans-australia.html,Darin Hindmarsh,bad-credit-home-loans-australia
21,Bad Credit Home Loans Australia,bad-credit-home-loans-australia-2.html,Darin Hindmarsh,bad-credit-home-loans-australia-2
22,Bad Credit Home Loans Videos,bad-credit-home-loans-videos.html,Darin Hindmarsh,bad-credit-home-loans-videos
23,Bad Credit Loans Australia Guaranteed Approval,bad-credit-loans-australia-guaranteed-approval.html,Darin Hindmarsh,bad-credit-loans-australia-guaranteed-approval
24,Bad Credit Loans Australia Guaranteed Approval,bad-credit-loans-australia-guaranteed-approval-2.html,Darin Hindmarsh,bad-credit-loans-australia-guaranteed-approval-2
25,Basic Variable Home Loan,basic-variable-home-loan.html,Darin Hindmarsh,basic-variable-home-loan
26,Borrowing Power Calculator,borrowing-power.html,Darin Hindmarsh,borrowing-power
27,Broker Specialist Articles,broker-specialist-articles.html,Darin Hindmarsh,broker-specialist-articles
28,Budget Planner Calculator,budget-planner.html,Darin Hindmarsh,budget-planner
29,Business Finance Articles by Intellichoice Finance,business-finance-articles.html,Darin Hindmarsh,business-finance-articles
30,Business Finance Australia,business-finance.html,Darin Hindmarsh,business-finance
31,Business Finance Videos by Intellichoice Finance,business-finance-videos.html,Darin Hindmarsh,business-finance-videos
32,Business Loans,business-loans.html,Darin Hindmarsh,business-loans
33,Car Loan,car-loan.html,Darin Hindmarsh,car-loan
34,Car Loan Videos,car-loan-videos.html,Darin Hindmarsh,car-loan-videos
35,Car Loans,car-loans.html,Darin Hindmarsh,car-loans
36,Commercial Funding,commercial-funding.html,Darin Hindmarsh,commercial-funding
37,Commercial Loans,commercial-loans.html,Darin Hindmarsh,commercial-loans
38,Comparison Rate Calculator,comparison-rate-calculator.html,Darin Hindmarsh,comparison-rate-calculator
39,Compound Interest Calculator,compound-interest-calculator.html,Darin Hindmarsh,compound-interest-calculator
40,Construction Loans,construction-loans.html,Darin Hindmarsh,construction-loans
41,Construction Loans Articles by Intellichoice Finance,construction-loans-articles.html,Darin Hindmarsh,construction-loans-articles
42,Construction Loans Australia,construction-loans-australia.html,Darin Hindmarsh,construction-loans-australia
43,Construction Loans Videos by Intellichoice Finance,construction-loans-videos.html,Darin Hindmarsh,construction-loans-videos
44,Contact,contact.html,Darin Hindmarsh,contact
45,Credit Card Calculator,credit-card.html,Darin Hindmarsh,credit-card
46,Development Finance by Intellichoice Finance,development-finance.html,Darin Hindmarsh,development-finance
47,Equipment Finance Articles,equipment-finance-articles.html,Darin Hindmarsh,equipment-finance-articles
48,Equipment Finance Videos,equipment-finance-videos.html,Darin Hindmarsh,equipment-finance-videos
49,Equipment Loans,equipment-loans.html,Darin Hindmarsh,equipment-loans
50,Expat Foreign Owner Education,expat-foreign-owner-education.html,Darin Hindmarsh,expat-foreign-owner-education
51,Expat Foreign Owner Loans,expat-foreign-owner-loans.html,Darin Hindmarsh,expat-foreign-owner-loans
52,Expat Foreign Owner Loans Videos,expat-foreign-owner-loans-videos.html,Darin Hindmarsh,expat-foreign-owner-loans-videos
53,Extra Repayments Calculator,extra-repayments.html,Darin Hindmarsh,extra-repayments
54,Finance For Lifestyle,.html,Darin Hindmarsh,
55,Find a Loan Expat Foreign Owner Loans,find-loan-expat-foreign-owner-loans.html,Darin Hindmarsh,find-loan-expat-foreign-owner-loans
56,Fixed Home Loan,fixed-home-loan.html,Darin Hindmarsh,fixed-home-loan
57,Fixed Home Loan Articles by Intellichoice Finance,fixed-home-loan-articles.html,Darin Hindmarsh,fixed-home-loan-articles
58,Fixed Home Loan Videos by Intellichoice Finance,fixed-home-loan-videos.html,Darin Hindmarsh,fixed-home-loan-videos
59,Fortnightly Repayment Calculator,fortnightly-repayment-calculator.html,Darin Hindmarsh,fortnightly-repayment-calculator
60,Franchise Funding,franchise-funding.html,Darin Hindmarsh,franchise-funding
61,Home Loan Application Form,home-loan-application-form.html,Darin Hindmarsh,home-loan-application-form
62,Home Loan Offset Calculator,home-loan-offset.html,Darin Hindmarsh,home-loan-offset
63,Home Loans,home-loans-2.html,Darin Hindmarsh,home-loans-2
64,Home Loans,home-loans.html,Darin Hindmarsh,home-loans
65,Home Loans Articles and Resources,home-loans-articles-resources.html,Darin Hindmarsh,home-loans-articles-resources
66,How Long to Repay Calculator,how-long-to-repay.html,Darin Hindmarsh,how-long-to-repay
67,Income Annualisation Calculator,income-annualisation-calculator.html,Darin Hindmarsh,income-annualisation-calculator
68,Income Gross Up Calculator,income-gross-up-calculator.html,Darin Hindmarsh,income-gross-up-calculator
69,Income Tax Calculator,income-tax.html,Darin Hindmarsh,income-tax
70,Industry Experience Articles & Resources,industry-experience-articles-resources.html,Darin Hindmarsh,industry-experience-articles-resources
71,Insurance,insurance.html,Darin Hindmarsh,insurance
72,Insurance Articles,insurance-articles.html,Darin Hindmarsh,insurance-articles
73,Insurance Videos,insurance-videos.html,Darin Hindmarsh,insurance-videos
74,Intellichoice Calculators,intellichoice-calculators.html,Darin Hindmarsh,intellichoice-calculators
75,Intellichoice Expat Foreign Owner Loan Articles,intellichoice-expat-foreign-owner-loan-articles-videos.html,Darin Hindmarsh,intellichoice-expat-foreign-owner-loan-articles-videos
76,Intellichoice Expat Mortgages - Buy Before you come Home,intellichoice-expat-mortgages-buy-before-you-come-home.html,Darin Hindmarsh,intellichoice-expat-mortgages-buy-before-you-come-home
77,Interest Only Mortgage Calculator,interest-only-mortgage-calculator.html,Darin Hindmarsh,interest-only-mortgage-calculator
78,Introductory Home Loan,introductory-home-loan.html,Darin Hindmarsh,introductory-home-loan
79,Introductory Rate Loan Calculator,introductory-rate-loan-calculator.html,Darin Hindmarsh,introductory-rate-loan-calculator
80,Inventory Finance,inventory-finance.html,Darin Hindmarsh,inventory-finance
81,Inventory Finance Articles by Intellichoice Finance,inventory-finance-articles.html,Darin Hindmarsh,inventory-finance-articles
82,Inventory Finance Videos,inventory-finance-videos.html,Darin Hindmarsh,inventory-finance-videos
83,Investment and Advice,investment-and-advice.html,Darin Hindmarsh,investment-and-advice
84,Investment and Advice Articles by Intellichoice Finance,investment-and-advice-articles.html,Darin Hindmarsh,investment-and-advice-articles
85,Investment and Advice Videos by Intellichoice Finance,investment-and-advice-videos.html,Darin Hindmarsh,investment-and-advice-videos
86,Invoice Finance,invoice-finance-2.html,Darin Hindmarsh,invoice-finance-2
87,Invoice Finance,invoice-finance.html,Darin Hindmarsh,invoice-finance
88,Invoice Finance Articles by Intellichoice Finance,invoice-finance-articles.html,Darin Hindmarsh,invoice-finance-articles
89,Invoice Finance Videos,invoice-finance-videos.html,Darin Hindmarsh,invoice-finance-videos
90,Leasing Calculator,leasing.html,Darin Hindmarsh,leasing
91,Lifestyle Loans,lifestyle-loans.html,Darin Hindmarsh,lifestyle-loans
92,Loan Calculators Articles,loan-calculators-articles.html,Darin Hindmarsh,loan-calculators-articles
93,Loan Comparison Calculator,loan-comparison.html,Darin Hindmarsh,loan-comparison
94,Loan Repayment Calculator,loan-repayment.html,Darin Hindmarsh,loan-repayment
95,Low Doc Construction Loans,low-doc-construction-loans.html,Darin Hindmarsh,low-doc-construction-loans
96,Low Doc Construction Loans Articles | Intellichoice Finance,low-doc-construction-loans-articles.html,Darin Hindmarsh,low-doc-construction-loans-articles
97,Low Doc Construction Loans Videos | Intellichoice Finance,low-doc-construction-loans-videos.html,Darin Hindmarsh,low-doc-construction-loans-videos
98,Lump Sum Repayment Calculator,lump-sum.html,Darin Hindmarsh,lump-sum
99,Mortgage Switching Calculator,mortgage-switching-calculator.html,Darin Hindmarsh,mortgage-switching-calculator
100,Other Home Loans,other-home-loans.html,Darin Hindmarsh,other-home-loans
101,Owner Builder Home Loan Articles,owner-builder-home-loan-articles.html,Darin Hindmarsh,owner-builder-home-loan-articles
102,Owner Builder Home Loan Videos,owner-builder-home-loan-videos.html,Darin Hindmarsh,owner-builder-home-loan-videos
103,Owner Builder Home Loans,owner-builder-home-loans.html,Darin Hindmarsh,owner-builder-home-loans
104,Owner Builder Lawyer on Tap,owner-builder-lawyer-tap.html,Darin Hindmarsh,owner-builder-lawyer-tap
105,Owner Builder Loans,owner-builder-loans.html,Darin Hindmarsh,owner-builder-loans
106,Owner Builder Loans Australia,owner-builder-loans-australia.html,Darin Hindmarsh,owner-builder-loans-australia
107,Owner Builder Online Course,owner-builder-online-course.html,Darin Hindmarsh,owner-builder-online-course
108,Personal Loans,personal.html,Darin Hindmarsh,personal
109,Personal Loans,personal-loans.html,Darin Hindmarsh,personal-loans
110,Personal Loans Articles,personal-loans-articles.html,Darin Hindmarsh,personal-loans-articles
111,Property Buying Cost Calculator,property-buying-cost.html,Darin Hindmarsh,property-buying-cost
112,Property Selling Cost Calculator,property-selling-cost.html,Darin Hindmarsh,property-selling-cost
113,Quick Application Form for Bad Credit Home Loans,quick-application-form-for-bad-credit-home-loans.html,Darin Hindmarsh,quick-application-form-for-bad-credit-home-loans
114,Rent vs Buy Calculator,rent-vs-buy-calculator.html,Darin Hindmarsh,rent-vs-buy-calculator
115,Reverse Mortgage Calculator,reverse-mortgage.html,Darin Hindmarsh,reverse-mortgage
116,Savings Calculator,savings.html,Darin Hindmarsh,savings
117,Savings Goal Calculator How Long to Save,savings-goal-calculator-how-long-to-save-how-long-to-save.html,Darin Hindmarsh,savings-goal-calculator-how-long-to-save-how-long-to-save
118,Savings Goal Calculator How Much to Deposit,savings-goal-calculator-how-much-to-deposit.html,Darin Hindmarsh,savings-goal-calculator-how-much-to-deposit
119,Self Managed Super Fund Loans,self-managed-super-fund-loans.html,Darin Hindmarsh,self-managed-super-fund-loans
120,Self Managed Super Fund Loans Videos,self-managed-super-fund-loans-videos.html,Darin Hindmarsh,self-managed-super-fund-loans-videos
121,Self Managed Super Funds Articles,self-managed-super-funds-articles.html,Darin Hindmarsh,self-managed-super-funds-articles
122,Short Term Finance,short-term-finance.html,Darin Hindmarsh,short-term-finance
123,Sitemap - Intellichoice Finance,sitemap.html,Darin Hindmarsh,sitemap
124,Split Loan Calculator,split-loan.html,Darin Hindmarsh,split-loan
125,Stamp Duty Calculator,stamp-duty.html,Darin Hindmarsh,stamp-duty
126,Standard Variable Home Loan,standard-variable-home-loan.html,Darin Hindmarsh,standard-variable-home-loan
127,Term Deposit,term-deposit.html,Darin Hindmarsh,term-deposit
128,Testimonials,testimonials.html,Darin Hindmarsh,testimonials
129,TOS and Privacy Policy,tos-and-privacy-policy.html,Darin Hindmarsh,tos-and-privacy-policy
130,Trade Finance,trade-finance-2.html,Darin Hindmarsh,trade-finance-2
131,Trade Finance,trade-finance.html,Darin Hindmarsh,trade-finance
132,Trade Finance Articles,trade-finance-articles.html,Darin Hindmarsh,trade-finance-articles
133,Trade Finance Videos,trade-finance-videos.html,Darin Hindmarsh,trade-finance-videos
134,Video - Intellichoice - Integrated Business Finance,video-intellichoice-integrated-business-finance.html,Darin Hindmarsh,video-intellichoice-integrated-business-finance
135,Video - Intellichoice - Short Term Finance,video-intellichoice-short-term-finance.html,Darin Hindmarsh,video-intellichoice-short-term-finance
136,Video - Intellichoice - Trade Finance,video-intellichoice-trade-finance.html,Darin Hindmarsh,video-intellichoice-trade-finance
137,Video - Intellichoice Equipment Finance,video-intellichoice-equipment-finance.html,Darin Hindmarsh,video-intellichoice-equipment-finance
138,Video - Intellichoice How Is The Current Environment Impacting Borrowers,video-intellichoice-how-is-the-current-environment-impacting-borrowers.html,Darin Hindmarsh,video-intellichoice-how-is-the-current-environment-impacting-borrowers
139,Video - Intellichoice Is On The Side Of The Client,intellichoice-is-on-the-side-of-the-client.html,Darin Hindmarsh,intellichoice-is-on-the-side-of-the-client
140,Video - Intellichoice Niche Business Finance Products,video-intellichoice-niche-business-finance-products.html,Darin Hindmarsh,video-intellichoice-niche-business-finance-products
141,Video - Owner Builder Loan Specialists,video-owner-builder-loan-specialists.html,Darin Hindmarsh,video-owner-builder-loan-specialists
142,Video - Susan Explains How To Make Owner Builder Loans Easier,video-susan-explains-how-to-make-owner-builder-loans-easier.html,Darin Hindmarsh,video-susan-explains-how-to-make-owner-builder-loans-easier
143,Video - What Farmers Need To Know About Insurance,video-what-farmers-need-to-know-about-insurance.html,Darin Hindmarsh,video-what-farmers-need-to-know-about-insurance
144,Video - Why Go With Intellichoice For Your Owner Builder Loan,video-why-go-with-intellichoice-for-your-owner-builder-loan.html,Darin Hindmarsh,video-why-go-with-intellichoice-for-your-owner-builder-loan
145,Video - Why Is An Owner Builder Home Loan Different,video-why-is-an-owner-builder-home-loan-different.html,Darin Hindmarsh,video-why-is-an-owner-builder-home-loan-different
146,Video - Why Is An Owner Builder Loan Different From A Standard Home Loan,video-why-is-an-owner-builder-loan-different-from-a-standard-home-loan.html,Darin Hindmarsh,video-why-is-an-owner-builder-loan-different-from-a-standard-home-loan
147,Video - Why Owner Builder Loans Are Different - Michelle and Susan,video-why-owner-builder-loans-are-different-michelle-and-susan.html,Darin Hindmarsh,video-why-owner-builder-loans-are-different-michelle-and-susan
148,Video - Why People Choose Intellichoice Financial Services,video-why-people-choose-intellichoice-financial-services.html,Darin Hindmarsh,video-why-people-choose-intellichoice-financial-services
149,Video - Why We Specialize in Owner Builder Home Loans,video-why-we-specialize-in-owner-builder-home-loans.html,Darin Hindmarsh,video-why-we-specialize-in-owner-builder-home-loans
150,What are Construction Loans?,what-are-construction-loans.html,Darin Hindmarsh,what-are-construction-loans
151,What is Construction Loans?,what-is-construction-loans.html,Darin Hindmarsh,what-is-construction-loans
152,What is SMSF (Self-Managed Superannuation Fund)?,what-is-smsf-self-managed-superannuation-fund.html,Darin Hindmarsh,what-is-smsf-self-managed-superannuation-fund
